{
  "version": "1.1",
  "gridBounds": {
    "min": [
      -113.4,
      -79.8,
      -142.8
    ],
    "max": [
      1881.6000000000001,
      71.4,
      134.4
    ]
  },
  "sceneBounds": {
    "min": [
      -109.30376784182289,
      -79.7295490963095,
      -141.83373229333097
    ],
    "max": [
      1879.9978558284872,
      68.86615578957732,
      130.69852416344816
    ]
  },
  "voxelResolution": 1.05,
  "leafSize": 4,
  "treeDepth": 9,
  "numInteriorNodes": 3122,
  "numMixedLeaves": 8471,
  "nodeCount": 14636,
  "leafDataCount": 16942
}